v_products_model,v_products_description_1
AMF001,"<ul class=""property"">								<li>catalogue:vibrators</li>								<li>material:BS Rubber</li>								<li>suitable for :female</li>								<li>dimension:lengenth 17.cm diameter4.7cm vibrators length:10cm </li>								<li>power:4 AA battery </li>								<li>HZ:50HZ</li>								<li>feature: best in av </li>								<li>waterproof:Yes</li>							</ul>"
AMF002,"<ul class=""property"">								<li>catalogue:vibrators</li>								<li>material:Silicon</li>								<li>suitable for :for both man and woman </li>								<li>brand:e-Vibe</li>								<li>dimension:8.9*5*2.5cm</li>								<li>power:direct charger </li><li>HZ:9 frequence</li><li>feature:second generation for both man and woman G Spot </li>								<li>warranty:one year </li>								<li>weight:.2kg</li>								<li>waterproof:yes</li>							</ul>"
AMF003,"<ul class=""property"">								<li>catalogue:vibrators</li>								<li>material:BSplastic + electronic component</li>								<li>brand:amiga toys </li>								<li>dimension:lengenth 80mm </li><li>power:3 button battery </li>								<li>feature:small </li>							</ul>"
AMF004,"<ul class=""property"">								<li>catalogue: Spot</li>								<li>material:Senior silicon</li>								<li>suitable for :female</li>								<li>brand:e-Vibe</li>								<li>dimension:90x96mm</li>								<li>power:USB charger </li><li>HZ:8frequence</li>								<li>waterproof:waterproof</li>								<li>including:product+instructions +bag+charger ox</li>							</ul>"
AMF005,"<ul class=""property"">								<li>catalogue:jump egg</li>								<li>material:RB soft silicon :BS</li>								<li>suitable for :female</li>								<li>brand:amiga toys</li>								<li>dimension:length:out7.5cm  diameter about 2.7cm </li>								<li>power:2 AAA battery</li>								<li>HZ:10frequence</li><li>feature:10 frequence </li>								<li>waterproof:waterproof</li>							</ul>"
AMF006,"<ul class=""property"">								<li>material:medical material</li> <li>suitable for :female</li>								<li>dimension:lengenth 15cm diameterabout3cm </li><li>waterproof:aterproof</li>							</ul>"
AMF007,"<ul class=""property"">								<li>material:crystal </li>								<li>suitable for :for both man and woman</li>								<li>dimension:length:10cm diameter2.7cm </li>								<li>feature:grogerous</li>								<li>waterproof:waterproof</li>							</ul>"
AMF008,"<ul class=""property"">								<li>catalogue:jump egg</li>								<li>material:new technolgoy material</li><li>suitable for :female</li>								<li>brand:amiga toys</li>								<li>dimension:length:8cm small -length:5cm diameter2.5cm</li><li>power :AA battery</li></ul>"
AMF009,"<ul class=""property"">								<li>catalogue:jump egg</li>								<li>material:medical polymers</li>								<li>suitable for :female</li>								<li>brand:amigo toys </li>								<li>dimension:length:4cm max diameter 3.5cm </li> 								<li>power:2 AA battery</li></ul>"
AMF010,"<ul class=""property"">								<li>catalogue:jump egg</li>								<li>material:medical material</li><li>suitable for :female</li>								<li>brand:amiga toys</li>								<li>dimension:length 10cm average diameter2.5cm ;for samall one Length 5.0cm Diameter2.4cm </li><li>power:3 AA battery </li></ul>"
AMF011,"<ul class=""property"">								<li>material:medical polymers</li>								<li>suitable for :female</li>								<li>brand:amiga toys</li>								<li>dimension:length:10cm Diameter:3cm </li>								<li>power:3 AAA battery </li><li>HZ:7frequence VIrbrator </li>							</ul>"
AMF012,"<ul class=""property"">								<li>catalogue:-Spot</li>								<li>material:silicon </li>								<li>suitable for :female</li>								<li>brand:amiga </li>                                        								<li>dimension:length:10cm width 6.2cm </li><li>power:2 AAA battery </li>								<li>HZ:3HZ</li>								<li>feature:smart,,safe, waterproof</li><li>warranty:one year  </li>								<li>weight:105g</li>							</ul>"
AMF013,"<ul class=""property"">								<li>catalogue: Spot</li>								<li>material:polymers</li>								<li>suitable for :female</li>								<li>brand:amiga toys </li>								<li>dimension:length 10cm,,effective length 8cm ,max diameter 32mm </li> 								<li>power:2 AA battery</li></ul>"
AMF014,"<ul class=""property"">								<li>catalogue:jump egg</li>								<li>material:Soft material</li>        								<li>suitable for :female</li>								<li>brand:amigatoys </li>								<li>dimension:8.5cm 3.2cm </li> <li>power:2 AA battery</li> <li>HZ: seven frequence</li> <li>feature:7 frequence</li></ul>"
AMF015,"<ul class=""property"">								<li>catalogue:vibrating  ball</li>								<li>material:silicon</li>								<li>brand:amigatoys </li>								<li>dimension: length:8cm ,diameter3.2cm </li>>								<li>power:4 LR44 battery </li>								<li>HZ:3 frequence</li><li>waterproof:100%waterproof</li></ul>"
AMF016,"<ul class=""property"">								<li>catalogue:enilingus </li>								<li>material senior plastic</li>								<li>suitable for :female</li>								<li>brand:amiga toys </li>								<li>dimension:13cm </li> 								<li>power:AAA battery </li><li>HZ:6 frequence</li> <li>feature:remote control,waterproof,easy carry </li>								<li>waterproof:aterproof</li>							</ul>"
AMF017,"<ul class=""property"">								<li>material:soft silica</li>								<li>suitable for :female</li>								<li>brand:amigo toys </li>								<li>dimension:length:10cm ,diameter3cm </li> 								<li>feature:for finger or dick</li>								<li>waterproof:  waterproof:</li></ul>"
AMF018,"<ul class=""property"">								<li>catalogue:jump egg</li>								<li>material:soft silica</li>								<li>suitable for :female</li>								<li>brand:amigatoys </li>								<li>dimension:diameter 3cm total length:10m for sex part </li><li>power:3 AAA att</li>								<li>HZ:7frequence</li>			 				</ul>"
AMF019,"<ul class=""property"">								<li>catalogue:jump egg</li>								<li>material:soft material</li>								<li>suitable for :female</li>								<li>brand:amiga toys </li>								<li>dimension:8.5cm </li><li>power:2 AA battery</li><li>HZ:7frequence </li>							</ul>"
AMF020,"<ul class=""property"">								<li>catalogue:G Spot</li>								<li>material:ABSplastic</li>								<li>suitable for :male</li>								<li>brand:sweden lelo</li>								<li>dimension:lengenth 19.5 cm diameter3-5cm</li><li>warrant:1 year </li>								<li>waterproof:yes</li>	 						</ul>"
AMF021,"<ul class=""property"">								<li>catalogue:jump egg</li>								<li>material:soft material</li> <li>suitable for :male</li>								<li>brand:amiga toys </li>								<li>dimension:2cm </li>								<li>power :AA battery</li>								<li>HZ:7 frequence</li>							</ul>"
AMF022,"<ul class=""property"">								<li>catalogue:G Spot</li>								<li>material:BS plastic</li>								<li>suitable for :male</li>								<li>brand:amiga toys </li>								<li>dimension:lengenth 19.5cm diameter3-5cm </li><li>warranty:1 year </li>								<li>waterproof:waterproof</li>							</ul>"
AMF023,"<ul class=""property"">								<li>catalogue:vibrating  ball</li>								<li>material:safety senior medical</li>								<li>suitable for :adult man and woman </li>								<li>brand:amiga toys </li>								<li>dimension::26cm diameter 2cm </li><li>power:3 AA battery </li><li>HZ:6frequence  </li>								<li>feature:flexible </li>								<li>waterproof:yes</li>							</ul>"
AMF024,"<ul class=""property"">								<li>material:BSplastic</li>								<li>suitable for :male</li>								<li>brand:amiga toys </li>								<li>dimension:length 7.5cm   37g</li>								<li>power:direct charger </li>								<li>HZ:4 frequence:</li></ul>"
AMF025,"<ul class=""property"">								<li>catalogue: G Spot</li>								<li>material:medical senior silicon</li>								<li>suitable for :male</li>								<li>brand:amiga toys</li>								<li>dimension:lengeth about 12cm diameter about 2.4cm </li>								<li>power: 1 AA battery i>								<li>waterproof:owaterproof for electronic part </li>							</ul>"
AMF026,"<ul class=""property"">								<li>suitable for :male</li>								<li>dimension:95*56mm </li>								<li>power:3 AAA battery </li>								<li>HZ 20 frequence</li>        								<li>waterproof</li>        								<li>inculding:product controller ,jump egg instructions  </li>							</ul>"
AMF027,"<ul class=""property"">								<li>catalogue:jump egg</li>								<li>material:silicon</li>								<li>suitable for :male</li>								<li>brand:amigatoys </li>								<li>power:Lithium  recharge </li>								<li>HZ:7 frequence</li>								<li>feature: 7 frequence</li>								<li>waterproof:waterproof</li>								<li>product productx1,remote jump eggx1 bag x1 and instructions </li>							</ul>"
VM001,"<ul class=""property"">								<li>catalogue:vibrator </li>								<li>material:100%medical silica </li>								<li>brand:amigatoys </li>								<li>dimension:long 210mm diameter 36mm </li>								<li>frequence:.4GHz</li>								<li>feature :human body temperature,frequence ajustment </li>								<li>weigth:150g</li>								<li>waterproof:100%waterproof</li>        							</ul>"
VM002,"<ul class=""property"">								<li>material:soft silicon</li>								<li>suitable for :for both man and woman </li>								<li>brand:We-Vibe</li>								<li>dimension:G SPOT: 80 x 28 x 18 mm </li>                                        								<li>power :magnetic recharger </li>								<li>frequence:7 frequence</li>        								<li>feature :wireless remote control, wireless magnetic recharger technology </li>								<li>warranty:1 year </li>								<li>waterproof:waterproof</li>        							</ul>"
VM003,"						<ul class=""property"">								<li>material:100%medical soft silicon :silicone,/PC-ABS</li>								<li>suitable for :female masturbation </li>								<li>brand:amigatoys </li>								<li>dimension:lengeth 17cm,max diameter,36mm </li><li>power :3 AAA battery </li>								<li>frequence:double motor 7frequence</li><li>waterproof:complete waterproof</li></ul>"
VM004,"<ul class=""property"">								<li>catalogue:wearable masturbation </li>								<li>material:medical soft silica </li>								<li>suitable for :female </li>								<li>brand:amiga toy</li>								<li>dimension:long20.5cm max diameter 4.2cm </li>								<li>power : AAA battery </li>								<li>feature:wearable for both man and woman </li>							</ul>"
VM005,"<ul class=""property"">								<li>material:modal</li>								<li>dimension:3XL suitable for :6inch</li>								<li>including:boxer pants </li>							</ul>"
VM006,"<ul class=""property"">								<li>material:TPRsoft silica </li>								<li>suitable for :male </li>								<li>dimension:long 16cm max diameter 9.4cm </li><li>weigth:total weight:075kg sex part0.61kg</li>								<li>including:sex part lubricating fluid  60ml </li>							</ul>"
VM007,"<ul class=""property"">								<li>material:plastic shell</li>								<li>suitable for :all male </li>								<li>brand:amiga toys</li>								<li>dimension:29.5*6.5</li>								<li>power :4AA battery </li> 								<li>feature :motor</li>								<li>including:enlarge dick illustrartion </li></ul>"
VM008,"<ul class=""property"">								<li>material:silica </li>								<li>suitable for :male </li>								<li>brand:amigatoys </li>								<li>dimension:length 10cm max diameter 8cm </li>								<li>power :3AA battery </li> 								<li>frequence:7 frequence</li>        								<li>including:male masturbation cup one piece inner jump egg hand shank </li>							</ul>"
VM009,"						<ul class=""property"">								<li>material:loveSkin</li>								<li>suitable for :male </li>								<li>brand:AVstar</li>								<li>dimension:205mm*15mm </li><li>power :1AA battery</li><li>frequence:9 frequence</li> <li>feature :warm /double 3D tunnel /no noise </li>								<li>weight:gross weight:710g,net weight:66g</li>								<li>waterproof:yes</li>								<li>including:warmer</li></ul>"
VM010,"<ul class=""property"">								<li>product smell:ight sweet </li>								<li>product feature : Pheromone</li>								<li>product specification:29.5ml/bottle</li>								<li>suitable for :female </li>								<li>product brand:amigatoys </li>							</ul>"
VM011,"						<ul class=""property"">								<li>material:ABS rubber </li>								<li>suitable for :female </li>								<li>brand:amiga toys</li>								<li>dimension:diameter 3.2cm </li>								<li>feature :super sex experience </li>								<li>warranty :1 year </li>								<li>weigth: pink ball 37 g, grey ball 28 g</li>							</ul>"
VM012,"						<ul class=""property"">								<li>material:brighten ABS Safe material</li> <li>suitable for :lover ,couple</li>								<li>brand:amiga toys</li>								<li>power : 1AAA battery </li>								<li>warranty:1 year </li>								<li>waterproof:waterproof</li> </ul>"
VM013,"<ul class=""property"">								<li>including:silk stockings </li>								<li>product material:lace</li>								<li>product specification:average size</li>								<li>product color:black </li>							</ul>"
VM014,"<ul class=""property"">								<li>product smell:no smell </li>								<li>specification:100ml/bottle</li>								<li>suitable for :both for man and woman </li>							</ul>"
VM015,"<ul class=""property"">								<li>material:silica </li>								<li>suitable for :male and female </li>								<li>dimension:11.5*10.5*4cm </li> 								<li>power :3AAA battery</li>								<li>frequence:3 speed model </li>								<li>feature :like kiss by tongue   3 speed model </li>							</ul>"
VM016,"<ul class=""property"">								<li>including:sexy dress +underwear </li>								<li>product material:lace+soft silk  net</li>								<li>product size :average size</li>								<li>product specification:average size</li>								<li>product brand:midlle night attracting </li>								<li>product color:purple </li>							</ul>"
VM017,"<ul class=""property"">								<li>product feature : for love</li>								<li>specification:10ml/bottle</li>								<li>suitable for :male </li>							</ul>"
VM018,"<ul class=""property"">								<li> width :52mm </li> 								<li> length:180mm </li> <li> thickness :0.03mm </li> <li>packing specification:10 pieces </li> <li>certification:ISO9002,ISO13488</li>								</ul>"
VM019,"<ul class=""property"">								<li>including:dress +T pant </li>								<li>product material:crystal </li>								<li>product specification:average size</li>								<li>product color:black </li>							</ul>"
VM020,"<ul class=""property"">								<li>material:medical soft silica </li>								<li>suitable for :female </li>								<li>brand:amiga toys</li>								<li>dimension:long22.5cm remote distance  16cm max diameter 3.5cm </li>								<li>power :3AAA battery</li>								<li>frequence:3 speed </li>								<li>waterproof:waterproof</li>							</ul>"
VM021,"<ul class=""property"">								<li> width :522 mm </li> 								<li> length:1805mm </li> 								<li> thickness :0.069mm </li> <li>packing specification:12 pieces  \</li>								<li>certificaton:standard  GB7544-1999(product ) </li>								<li>certification:ISO4074 CE600 GB7544-99 </li>							</ul>"
VM022,"<ul class=""property"">								<li>catalogue:jump egg</li>								<li>material:silica </li>								<li>suitable for :for both man and woman </li>								<li>power :remote 1AAA battery jump egg2 AAA battery</li>								<li>frequence:20 speed </li>								<li>waterproof:100%waterproof</li>        								<li>including:jump egg+control </li>							</ul>"
VM023,"<ul class=""property"">								<li>catalogue:vibrator</li>								<li>material:TPR Soft silica </li>								<li>suitable for :female </li>																<li>dimension:long 21cm length 16cm max diameter 4cm </li> 								<li>power :3AAA battery </li>								<li>waterproof:yes</li>							</ul>"
VM024,"<ul class=""property"">								<li> width :52mm </li>								<li> length:1805mm </li> 								<li> thickness :0.039mm </li> <li>packing specification:10 pieces </li> <li>certificaton:20110017</li> <li>certification:GB7544-2009/ISO4074:2002</li>												<li>brand:amigatoys </li>							</ul>"
VM025,"<ul class=""property"">								<li>catalogue:jump egg</li>								<li>material:silica material</li> <li>brand:amiga toys</li>								<li>dimension:80*33*32mm </li> <li>frequence:6 frequence </li> 								<li>feature :wireless remote</li>								<li>warranty:1 year </li>								<li>waterproof:waterproof</li> </ul>"
VM026,"<ul class=""property"">								<li>material:100%medical soft silicon :silicon :/PC-ABS</li>								<li>suitable for :female masturbation </li>								<li>brand:amigatoys </li>								<li>dimension:long20cm length:15cm ,max diameter 3.8cm </li>								<li>power :3AA battery i>								<li>frequence:7frequence</li>        								<li>weight:0.32-0.44kg</li>								<li>waterproof:complete waterproof</li><li>including:fake dick controler and 1 illustrartion </li>							</ul>"
VM027,"<ul class=""property"">								<li>catalogue:vibrator</li>								<li>material:silica </li>								<li>suitable for :adult female </li>								<li>dimension:length:15 cm injectable 12cm max diameter 3.5cm </li>								<li>power :LI charger</li> <li>frequence:7 frequence </li>								<li>feature :shake with noise </li>								<li>waterproof:waterproof</li></ul>"
VM028,"<ul class=""property"">								<li>catalogue:wearable masturbation </li>								<li>material:import medical soft silica </li>								<li>suitable for :adult female </li>								<li>dimension:simulation dick long 17.cm diameter4.2cm </li> <li>power :voltage110V~240V??50/60HZ</li>								<li>frequence:50/minute-350/minute 8 speed frequence </li>								<li>including:one dick ,simulation dick 2piece adapter </li>							</ul>"
VM029,"<ul class=""property"">								<li>material:silica  ABS</li>								<li>suitable for :adult female</li>								<li>dimension:213mm  </li> 								<li>waterproof:100% waterproof</li> <li>including:vibrator charger illustrartion warranty card </li>							</ul>"
VM030,"<ul class=""property"">								<li>catalogue:vibrator</li>								<li>material:senior medical silica </li>								<li>suitable for :adult female </li>								<li>brand:amigatoys </li>								<li>dimension:length:10 cm diameter 4cm </li>								<li>power :3AA battery </li> <li>waterproof:100% waterproof</li>        								<li>including:vibrator*1pieces remote *1pieces </li>							</ul>"
VM031,"<ul class=""property"">								<li>material:senior medical silica </li>								<li>suitable for :female </li>								<li>waterproof:waterproof</li> <li>including:product *1</li>							</ul>"
VM032,"<ul class=""property"">								<li>suitable for :adult female </li>								<li>dimension:long24.5 flexible 2cm diameter 3.2cm </li> <li>power :4AA battery </li> 								<li>frequence: 7frequence 7speed</li>								<li>feature :flexible</li>								<li>waterproof:waterproof</li></ul>"
VM033,"<ul class=""property"">								<li>catalogue:vibrator</li>								<li>material:medical soft silica </li>								<li>suitable for:female </li>								<li>brand:amiga toys</li>								<li>dimension:long25cm ,effective lengeth 17.5cm,diameter5cm </li> 								<li>power :4AAA battery </li>							</ul>"
VM034,"<ul class=""property"">								<li>material:100% medical soft silicon </li>        								<li>suitable for :adult female </li>								<li>brand: amiga toys</li>								<li>dimension:length:10cm ,diameter 3cm </li> <li>power :3AA battery </li><li>frequence:7 frequence </li>								<li>feature :complete simulation</li>								<li>waterproof:complete waterproof</li></ul>"
VM035,"<ul class=""property"">								<li>material:medical silica +electronic parts</li>								<li>suitable for :female </li>								<li>dimension:virbrator diameter3.2cm length:2.5cm </li> <li>power :USBcharger </li> <li>frequence:20frequence </li>								<li>waterproof:yes</li>								<li>including:virbrator</li>							</ul>"
VM036,"<ul class=""property"">								<li>catalogue:vibrator</li>								<li>material:medical soft silica </li>								<li>suitable for :female </li>								<li>brand:amiga toys</li>								<li>dimension:long25cm effect length:2cm diameter about4.5cm </li> <li>power :4AAA battery </li>							</ul>"
VM037,"<ul class=""property"">								<li>catalogue:vibrator</li>								<li>material:medical soft silica </li>								<li>suitable for :female </li>								<li>brand:amiga toys</li>								<li>dimension:long 25cm effect length:2cm diameter about4.5cm </li> <li>power :4AAA battery </li>								<li>frequence:6 speed choose 7 frequence</li> </ul>"
VM038,"<ul class=""property"">								<li>catalogue:vibrator</li>								<li>material:medical soft silica </li>								<li>suitable for :female </li>								<li>brand:amiga toys</li>								<li>dimension:long 21.5cm average diameter 2.8cm </li>								<li>power :3AA battery </li> </ul>"
VM039,"<ul class=""property"">								<li>material:TRPsoft rubber</li>								<li>suitable for :human</li>								<li>dimension:virbrator length:15cm diameter 4cm height20cm </li> <li>power :2 AAA battery  </li>								<li>frequence:7speed </li>								<li>feature :no noise  </li>								<li>waterproof:main parts waterproof</li> 							</ul>"
VM040,"<ul class=""property"">								<li>catalogue:vibrator</li>								<li>material:TPRmedical soft silica </li>								<li>suitable for :female </li>								<li>brand:amigatoys </li>								<li>dimension:long 25.0cm effect length:2.0cm </li> 								<li>power :4AAA battery </li>								<li>frequence:7 frequence</li> <li>feature :8 circule 7frequence</li> </ul>"
VM041,"<ul class=""property"">								<li>material:TPEmaterial</li> 								<li>suitable for :female </li>								<li>brand:amigatoys </li>								<li>dimension:long12cm effect length:10cm diameter about2.9cm </li> <li>power :2 AAA battery </li> </ul>"
VM042,"<ul class=""property"">								<li>material:heightqualtiy european standardmaterial</li>        								<li>suitable for :female </li>								<li>brand:amiga toys</li>								<li>dimension:long26.5cm effect length:2cm max diameter 3.6cm length 7.5cm </li>								<li>power :3AAA battery </li>								<li>frequence:7frequence</li>        							</ul>"
VM043,"<ul class=""property"">								<li>catalogue:vibrator</li>								<li>material:senior medical material</li> <li>suitable for :les or (man and woman)usable</li>								<li>dimension:length:10cm effect length:10cm diameter 4 cm </li> <li>power :2 AAA battery </li>							</ul>"
VM044,"<ul class=""property"">								<li>material:100%silica </li>								<li>suitable for :female </li>								<li>dimension:long 21cm middle diameter3.2cm </li> <li>power :4AA battery </li><li>frequence:one lasting vibrator model 3frequence:brator model</li>								<li>feature :simulation</li>								<li>waterproof:yes</li>							</ul>"
VM045,"<ul class=""property"">								<li>catalogue:vibrator</li>								<li>material:import height medical soft silica </li>								<li>suitable for :female </li>								<li>brand:amiga toys</li>								<li>dimension:usable length:0.5cm max diameter 4.5cm </li> <li>power :2 AAA battery </li>							</ul>"
VM046,"<ul class=""property"">								<li>material:medical PVC Soft rubber </li>								<li>suitable for :female </li>								<li>brand:amiga toys</li>								<li>dimension: long 21.cm effect distance 15cm max diameter 3cm </li> <li>power :3AAbattery </li> </ul>"
VM047,"<ul class=""property"">								<li>catalogue:vibrator</li>								<li>material:medical silica </li>								<li>suitable for :female </li>								<li>brand:amiga toys</li>								<li>dimension:long 23cm diameter3.6cm effect usable distance 18.5cm</li> <li>power :3AA battery </li> <li>frequence:7frequence</li> 							</ul>"
VM048,"<ul class=""property"">								<li>catalogue:vibrator</li>								<li>material:medical soft silica </li>								<li>suitable for :female </li>								<li>brand:amiga toys</li>								<li>dimension:long27cm effect distance 13.5cm  diameter 3cm max diameter 4cm length:5cm </li> </ul>"
VM049,"<ul class=""property"">								<li>catalogue:vibrator</li>								<li>material:medical soft silica </li>								<li>suitable for :female </li>								<li>brand:amiga toys</li>								<li>dimension:long25cm effect length:2cm diameter about 4.5cm </li> <li>power :4AAA battery </li>							</ul>"
VM050,"<ul class=""property"">								<li>catalogue:vibrator</li>								<li>material:medical soft silica </li>								<li>suitable for :female </li>								<li>brand:amiga toys</li>								<li>dimension:long 27cm diameter3.6cm effect distance 13cm </li> <li>power :3AAA battery </li>								<li>frequence:4 frequence</li> <li>waterproof:yes</li>							</ul>"
VM051,"<ul class=""property"">								<li>catalogue:vibrator</li>								<li>material:medical silica </li>								<li>suitable for :female </li>								<li>brand:amiga toys</li>								<li>dimension:long23cm,max diameter 4.4cm,inside diameter2.8cm effect length:7cm </li>								<li>power :3AA battery </li>							</ul>"
VM052,"<ul class=""property"">								<li>catalogue:vibrator</li>								<li>material:medical soft silica </li>								<li>suitable for :female </li>								<li>brand:amiga toys</li>								<li>dimension:long28cm max diameter 4cm </li>								<li>power :4AAA battery </li>								<li>waterproof:waterproof</li> </ul>"
VM053,"<ul class=""property"">								<li>catalogue:vibrator</li>								<li>material:medicalmaterial</li>        								<li>suitable for :female </li>								<li>brand:amiga toys</li>								<li>dimension:long 21cm effect distance 9cm max diameter 2.2cm </li> <li>power :3AAbattery </li></ul>"
VM054,"<ul class=""property"">								<li>catalogue:vibrator</li>								<li>material:medical height molecule material</li> 								<li>suitable for :female </li>								<li>brand:amiga toys</li>								<li>dimension:diameter 4cm length 21cm </li> 								<li>power :2 AA battery </li> 								<li>frequence: 7 frequence vibrator</li>							</ul>"
VM055,"<ul class=""property"">								<li>catalogue:vibrator</li>								<li>material:pure silica </li>								<li>suitable for :adult female </li>								<li>dimension:length 1cm weidth 4.8cm </li> <li>power :orginal binding magnetic recharger </li> <li>frequence:15 types</li>								<li>feature :2 super motor </li>								<li>warranty:3 year </li>								<li>waterproof:100% waterproof</li> <li>including:giftbox,magnetic recharger </li> 							</ul>"
VM057,"<ul class=""property"">								<li>catalogue:vibrator</li>								<li>material:medical soft silica </li>								<li>suitable for :female </li>								<li>brand:amiga toys</li>								<li>dimension:long 25cm effect length:2cm diameter about4.5cm </li>								<li>power :4AAA battery </li>								<li>frequence:7frequence</li> 							</ul>"
VM058,"<ul class=""property"">								<li>catalogue:vibrator</li>								<li>material:medical silica </li>								<li>suitable for :female </li>								<li>brand:amiga toys</li>								<li>dimension:long23.cm max diameter 3.9cm diameter 3.2cm effect length:6.5cm </li> 								<li>power :3AA battery </li> 								<li>feature :7frequence speed </li>							</ul>"
VM059,"<ul class=""property"">								<li>catalogue:vibrator</li>								<li>material:high qualtiy european standard material</li> <li>suitable for :female </li>								<li>brand:amiga toys</li>								<li>dimension:long26.5cm effect length 2cm max diameter 3.6cm </li> 								<li>power :4AAA battery </li>								<li>frequence:7frequence</li> </ul>"
VM060,"<ul class=""property"">								<li>catalogue:wearable </li>								<li>material:TPEmaterial</li> <li>suitable for :female </li>								<li>brand:amigatoys </li>								<li>dimension:long12cm effect length 10cm diameter about2.9cm </li>								<li>power :product 2 AA battery remote controler </li>                                        								<li>frequence:7 frequence vibrator</li>								<li>feature :30 meter remote</li>								 </ul>"
VM061,"<ul class=""property"">								<li>catalogue:vibrator</li>								<li>material:100%silica </li>								<li>suitable for :for both man and woman </li>								<li>brand: amiga toys</li>								<li>dimension:long21cm injectable about 13cm max diameter 4cm head diameter3.6cm </li>								<li>power :battery charger </li>								<li>frequence:6 frequence model</li>								<li>feature :5 speed </li>								<li>waterproof:waterproof</li>        							</ul>"
VM062,"<ul class=""property"">								<li>catalogue:vibrator</li>								<li>material:PVC Soft rubber </li>								<li>suitable for :female </li>								<li>brand:amiga toys</li>								<li>dimension:long21.cm effect distance 15cm max diameter 3cm </li> 								<li>power :3AA battery </li>							</ul>"
VM063,"<ul class=""property"">								<li>catalogue:vibrator</li>								<li>material:medical soft silica </li>								<li>suitable for :female </li>								<li>brand:amiga toys</li>								<li>dimension:long 21cm effect distance 9.5cm average diameter3cm </li> 								<li>power :3AA battery </li> <li>frequence:4 frequence</li> 								<li>feature :double G Spot</li>								<li>waterproof:yes</li>							</ul>"
VM064,"<ul class=""property"">								<li>catalogue:vibrator</li>								<li>material:medical soft silica </li>								<li>suitable for :female </li>								<li>brand:amiga toys</li>								<li>dimension:long25cm effect length 12cm diameter about4.5cm </li> <li>power :4AAA battery </li>								<li>frequence:7frequence</li> 							</ul>"
VM065,"<ul class=""property"">								<li>catalogue:vibrator</li>								<li>material:soft rubber material</li>        								<li>suitable for :female </li>								<li>brand:amigatoys </li>								<li>dimension:length:.5cm iameter4.3cm effect distance 14cm button diameter 9cm </li> <li>power :2 AAA battery </li>							</ul>"
VM066,"<ul class=""property"">								<li>catalogue:vibrator</li>								<li>material:high quality import soft rubber </li>								<li>suitable for :female </li>								<li>brand:amiga toys</li>								<li>dimension:long 21cm diameter 3cm  sub-vibratorlong 11cm max diameter 2cm </li> 								<li>power :3AA battery </li> <li>frequence:7speed</li>								<li>waterproof:100%waterproof</li>							</ul>"
VM067,"<ul class=""property"">								<li>catalogue:vibrator</li>								<li>material:medical soft silica </li>								<li>suitable for :female </li>								<li>brand:amiga toys</li>								<li>dimension:long27cm effect length 13cm diameter 3.6cm </li><li>power :3AAA battery </li>							</ul>"
VM068,"<ul class=""property"">								<li>catalogue:vibrator</li>								<li>material:medical soft silica </li>								<li>suitable for :female </li>								<li>brand:amiga toys</li>								<li>dimension:long27cm effect length 13cm diameter 3.6cm </li><li>power :3AAA battery </li>								<li>frequence:7speed</li>								<li>feature :wireless remote</li>								<li>waterproof:100%waterproof</li> </ul>"
VM069,"<ul class=""property"">								<li>catalogue:vibrator</li>								<li>material:medical soft silica </li>								<li>suitable for :female </li>								<li>brand:amiga toys</li>								<li>dimension:length:8cm diameter 4cm </li> <li>power :2 AAA battery </li>							</ul>"
VM070,"<ul class=""property"">								<li>catalogue:vibrator</li>								<li>material:medicalmaterial</li>        								<li>suitable for :female </li>								<li>brand:amiga toys</li>								<li>dimension:diameter3.7cm ength 18cm </li> <li>power :2AAA battery </li>							</ul>"
VM071,"<ul class=""property"">								<li>catalogue:vibrator</li>								<li>material:medical soft silica </li>								<li>suitable for :female </li>								<li>brand:amiga toys</li>								<li>dimension:long 25cm effect length:2cm diameter about4.5cm </li> <li>power :4AAA battery </li>								<li>frequence:7frequence</li> 							</ul>"
VM072,"<ul class=""property"">								<li>catalogue:vibrator</li>								<li>material:medical soft silica </li>								<li>suitable for :female </li>								<li>brand:amiga toys</li>								<li>dimension:long27cm iameter3.6cm ffectdistance 13cm </li>								<li>power :3AAA battery </li>								<li>frequence:4frequence</li>        							</ul>"
VM073,"<ul class=""property"">								<li>catalogue:G Spot </li>								<li>material:super silicon :material</li> <li>brand:amiga toys</li>								<li>dimension:long21cm </li> <li>power :3AA battery </li> 								<li>frequence:multiple speed vibrator</li>								<li>waterproof:100%waterproof</li></ul>"
VM074,"<ul class=""property"">								<li>catalogue:vibrator</li>								<li>material:medical rubber</li>								<li>suitable for :female </li>								<li>brand:amiga toys</li>								<li>dimension:length:5cm diameter 1.8cm <li>							</ul>"
VM075,"<ul class=""property"">								<li>catalogue:vibrator</li>								<li>material:heightqualtiy european standard material</li>        								<li>suitable for :female </li>								<li>brand:amiga toys</li>								<li>dimension:long 26.5cm effect length:2cm max diameter 3.6cm length7.5cm <li> <li>power :4 AAA battery </li>								<li>frequence:7frequence<li></ul>"
VM076,"<ul class=""property"">								<li>catalogue:vibrator</li>								<li>material:medical soft silica </li>								<li>suitable for :female </li>								<li>brand:amigatoys </li>								<li>dimension:long25.3cm max diameter 3.8cm </li><li>power :4 AA battery </li> 							</ul>"
VM077,"<ul class=""property"">								<li>catalogue:vibrator</li>								<li>material:medical material</li> <li>suitable for :female </li>								<li>brand:amiga toys</li>								<li>dimension:long 21.5cm effect distance 19cm max diameter 4cm  diameter 3.5cm </li> <li>power :2 AA battery </li> </ul>"
VM078,"<ul class=""property"">								<li>catalogue:vibrator</li>								<li>material:latex</li>								<li>suitable for :female </li>								<li>brand:amigatoys </li>								<li>dimension:length:9cm iameter4.3cm </li><li>power :2 AAA battery </li>							</ul>"
VM079,"<ul class=""property"">								<li>catalogue:vibrator</li>								<li>material:medical soft silica </li>								<li>suitable for :female </li>								<li>brand:amigatoys </li>								<li>dimension:diameter 4.0cm length 16cm </li> <li>power :2 AAA battery </li>								<li>frequence:7 frequence: </li>							</ul>"
VM080,"<ul class=""property"">								<li>catalogue:vibrator</li>								<li>material:metal ABS</li>								<li>suitable for :female </li>								<li>dimension:max diameter 32mm </li> 								<li>power :3AA battery </li> <li>frequence:6 continuous vibrator model 4 frequence:brator model</li>								<li>feature :pure metalmade </li>								<li>waterproof:waterproof</li></ul>"
VM081,"<ul class=""property"">								<li>catalogue:vibrator</li>								<li>material:PVC</li>								<li>suitable for :female </li>								<li>brand:amiga toys</li>								<li>dimension:long23cm effect distance 16cm max diameter 3.5cm </li> 								<li>power :1AAA battery </li>							</ul>"
VM082,"<ul class=""property"">								<li>catalogue:vibrator</li>								<li>material:medical soft silica </li>								<li>suitable for :female </li>								<li>brand:amiga toys</li>								<li>dimension:long25cm effect distance 17. max diameter 4cm </li> 								<li>power :4AAA battery </li>							</ul>"
VM083,"<ul class=""property"">								<li>material:medical soft silica </li>								<li>suitable for :female </li>								<li>brand:amiga toys</li>								<li>dimension:effect length:5cm direct 3cm </li><li>power :2 AAA battery </li>							</ul>"
VM084,"<ul class=""property"">								<li>material:medical soft silica </li>								<li>suitable for :female </li>								<li>brand:amiga toys</li>								<li>dimension:long 21cm effect distance 11cm diameter 3.5cm </li>								<li>power :3AA battery </li> 								<li>frequence:4 frequence 4 speed</li>							</ul>"
VM085,"<ul class=""property"">								<li>catalogue:vibrator</li>								<li>material:medical material</li> <li>suitable for :female </li>								<li>brand:amiga toys</li>								<li>dimension:diameter3.7cm length 18cm </li> 								<li>power :2AAA battery </li>							</ul>"
VM086,"<ul class=""property"">								<li>catalogue:wearable </li>								<li>material:soft rubber </li>								<li>suitable for :female </li>								<li>brand:amiga toy</li>								<li>dimension:long27cm diameter 3.6cm effect distance 11cm </li> <li>power :2 AAA battery </li>								<li>frequence:multi vibrator frequence:maxime 11000 times frequence</li> 							</ul>"
VM087,"<ul class=""property"">								<li>catalogue:vibrator</li>								<li>material:silica </li>								<li>suitable for :adult female </li>								<li>dimension:length 10mm head diameter 35mm </li> <li>power :LI battery </li> 								<li>frequence:7 frequence  </li>								<li>feature :Sound control model</li>								<li>weight:125g net weight </li>								<li>waterproof:waterproof</li></ul>"
VM088,"<ul class=""property"">								<li>material:safe silica material</li> 								<li>suitable for :for both man and woman </li>								<li>brand:amiga toys</li>								<li>frequence:6 frequence model</li>								<li>feature :wireless remote for couples</li>								<li>warranty :one year </li>								<li>waterproof:waterproof</li> </ul>"
VM089,"<ul class=""property"">								<li>catalogue:vibrator</li>								<li>material:silica </li>								<li>suitable for :female </li>								<li>brand:others</li>								<li>dimension:long 20cm effect 12.5cm </li> <li>power :charger  battery </li> <li>frequence:Hand control</li>								<li>weight:300g</li>								<li>waterproof:100%waterproof</li> <li>including:vibrator magnetic recharger illustrartion bags</li>							</ul>"
VM090,"<ul class=""property"">								<li>material:medical PVC Soft rubber </li>								<li>suitable for :female </li>								<li>brand:amiga toys</li>								<li>dimension:long21.cm effect distance 15cm max diameter 3cm </li> <li>power :3AA battery </li> <li>feature :big glans design</li>								<li>waterproof:yes</li>							</ul>"
VM091,"<ul class=""property"">								<li>material:medical soft silica </li>								<li>suitable for :female </li>								<li>brand:amigatoys </li>								<li>dimension:length:30mm max diameter 19mm </li> <li>power :2 AA battery </li> </ul>"
VM092,"<ul class=""property"">								<li>material:medical soft silica </li>								<li>suitable for :female </li>								<li>brand:amiga toys</li>								<li>dimension:long16cm iameter 3cm </li> 								<li>power :2 AAA battery </li>							</ul>"
VM093,"<ul class=""property"">								<li>catalogue:vibrator</li>								<li>material:pure silica </li>								<li>suitable for :female </li>								<li>brand:others</li>								<li>dimension:3.5cm</li> <li>power :3AA battery </li> <li>frequence:7frequence model</li>								<li>feature :human</li>								<li>weight:0.7KG</li>								<li>waterproof:100%waterproof</li>        								<li>including: illustrartion CE product  packing  </li>							</ul>"
VM094,"<ul class=""property"">								<li>catalogue:vibrator</li>								<li>material:soft rubber </li>								<li>suitable for :female </li>								<li>brand:amiga toys</li>								<li>dimension:long16cm diameter 3cm </li> <li>power :2 AAA battery </li>								<li>frequence:multi frequence </li>								<li>waterproof:100%waterproof</li>        							</ul>"
VM095,"<ul class=""property"">								<li>catalogue:jump egg</li>								<li>suitable for :for both man and woman</li>								<li>brand:Sweet Secret</li>								<li>dimension:length 10cm max diameter 2.6cm </li> <li>power :LR44 battery 6 button battery </li>								<li>frequence:7 frequence </li>								<li>feature :10 speed</li>								<li>waterproof:100% waterproof</li>							</ul>"
VM096,"<ul class=""property"">								<li>catalogue:wearable </li>								<li>material:silica </li>								<li>suitable for :female </li>								<li>brand:amigatoys </li>								<li>dimension:length:5cm diameter 2.5cm </li> <li>power :product  2 AAA battery  remote</li> <li>feature :single frequence vibrator wireless remote distance 30M</li>								<li>including:vibrator d remote </li>							</ul>"
VM097,"<ul class=""property"">								<li>material:medical silica </li>								<li>suitable for :female </li>								<li>brand:amiga toys</li>								<li>dimension:long 20cm injectable parts length:.5cm head weidth3 .3cm </li> 								<li>power :direct charger </li> <li>frequence:6 frequence vibrator</li>							<li>feature :no noise design </li>								<li>waterproof:yes</li>							</ul>"
VM098,"<ul class=""property"">								<li>catalogue:vibrator</li>								<li>material:medical high molecule no poision material</li> 								<li>suitable for :adult female </li>								<li>brand:amigatoys </li>								<li>dimension:long23cm effect length:3.5cm max diameter 3.5cm</li><li>power :2 AAA battery </li>								<li>frequence:10 frequence </li>								<li>waterproof:waterproof design </li>							</ul>"
VM099,"<ul class=""property"">								<li>catalogue:vibrator</li>								<li>material:medical high molecule material</li>        								<li>suitable for :female </li>								<li>brand:amiga toys</li>								<li>dimension:length 5CM diameter 2cm </li> <li>power :1AAA battery </li>								<li>waterproof:100%waterproof</li></ul>"
VM100,"<ul class=""property"">								<li>suitable for :female </li>								<li>brand:others</li>								<li>dimension:long2 0cm head diameter3.4cm </li><li>power :AAA battery  </li>							</ul>"
VM101,"<ul class=""property"">								<li>catalogue:G Spot </li>								<li>material:silica</li>								<li>suitable for :man and woman  </li>								<li>brand:amigatoys </li>								<li>dimension:length:10cm Weidth 1.8cm </li>								<li>power :2 AA battery i>								<li>frequence:3frequence </li>								<li>feature :3 frequence Spot </li>								<li>waterproof:yes</li>							</ul>"
VM102,"<ul class=""property"">								<li>material:safe silica material</li> <li>suitable for :adultman and woman </li>								<li>brand:amiga toys</li>								<li>frequence:6 frequence model</li>								<li>feature :G Spot </li>								<li>warranty :one year </li>								<li>waterproof:complete waterproof</li>        								<li>including:remote +vibrator  Spot </li>							</ul>"
VM103,"<ul class=""property"">								<li>catalogue:vibrator</li>								<li>material:silica </li>								<li>suitable for :adult female </li>								<li>dimension:long 20cm injectable 11cm head diameter3.5cm </li> 								<li>power :LI battery </li> <li>frequence:7frequence </li>								<li>feature : touch sense  </li>								<li>waterproof:waterproof</li></ul>"
VM104,"						<ul class=""property"">								<li>catalogue:vibrator</li>								<li>material:medical silica </li>								<li>suitable for :female </li>								<li>brand:amiga toys</li>								<li>dimension:long 22cm Injectable Parts length:9cm Head diameter 4.4cm </li> 								<li>power :charger  </li>                                        								<li>frequence:8 frequeNce </li>								<li>feature :platiunm top luxury ,all body waterproof</li>        								<li>warranty :one year warranty </li>								<li>waterproof:yes</li>							</ul>"
VM105,"						<ul class=""property"">								<li>material:medical silica </li>								<li>suitable for :female </li>								<li>brand:amiga toys</li>								<li>dimension:long22cm Injectable Parts length:9cm Head diameter4.4cm </li> <li>power :charger</li><li>frequence:8 </li> </li>								<li>feature :platiunm top luxury ,all body waterproof</li>        								<li>warranty :one year warranty </li>								<li>waterproof:yes</li>							</ul>"
VM106,"<ul class=""property"">								<li>catalogue:vibrator</li>								<li>material:pure silica </li>								<li>suitable for :adult female</li>								<li>dimension:max length:6.5cm max diameter 3.5cm </li>								<li>power :2 AA battery i>								<li>frequence:7frequence </li>								<li>waterproof:waterproof</li>        							</ul>"
VM107,"<ul class=""property"">								<li>catalogue:vibrator</li>								<li>material:ABS plastic PU Shell</li>								<li>suitable for :female </li>								<li>brand:OhMiBod</li>								<li>dimension:total  length:9cm injectable length:3cm diameter 2.54cm </li>								<li>power :2 AAA battery </li>								<li>frequence:7frequence vibrator</li>								<li>feature :pussy high with music </li>								<li>warranty :1 year </li>							</ul>"
VM108,"<ul class=""property"">								<li>material:medical silica </li>								<li>suitable for :female </li>								<li>brand:amiga toys</li>								<li>dimension:long20cm injectable Parts length:.5cm head weidth3.3cm </li>							</ul>"
VM109,"<ul class=""property"">								<li>catalogue:vibrator</li>								<li>material:ABS rubber </li>								<li>suitable for :female </li>								<li>brand:amiga toys</li>								<li>dimension:long 11.1cm diameter 2.2cm </li>								<li>power :USBcharger </li>								<li>frequence:4 frequence vibrator</li>								<li>warranty:1 year </li>								<li>weight:32 g</li>								<li>waterproof:waterproof</li>        							</ul>"
VM110,"<ul class=""property"">								<li>material:medical silica </li>								<li>suitable for :female </li>								<li>brand:amiga toys</li>								<li>dimension:long22cm njectable Partslength:9cm eaddiameter4.4cm </li>								<li>power :direct charger </li>                                        								<li>frequence:8frequence </li>								<li>feature :platiunm fasion and powerful vibrator</li>								<li>warranty :1 year </li>								<li>waterproof:yes</li>							</ul>"
VM111,"<ul class=""property"">								<li>material:ABS rubber </li>								<li>suitable for :female </li>								<li>brand:amiga toys</li>								<li>dimension:long22cm injectable Parts length 10cm head diameter 3.6cm </li>								<li>power :direct charger </li>                                        								<li>frequence:5frequence</li>        								<li>warranty :one year warranty </li>								<li>weight:208 g</li>								<li>waterproof:yes</li>							</ul>"
VM112,"<ul class=""property"">								<li>catalogue:vibrator</li>								<li>material:ABS rubber </li>								<li>suitable for :female </li>								<li>brand:amiga toys</li>								<li>dimension:long 11.1cm diameter2.2cm </li>								<li>power :USBcharger </li>								<li>frequence:4 frequence vibrator</li>								<li>warranty:1 year </li>								<li>weight:32 g</li>								<li>waterproof:waterproof</li>        							</ul>"
VM113,"<ul class=""property"">								<li>catalogue:vibrator</li>								<li>material:silica </li>								<li>suitable for :man and woman </li>								<li>brand:amigatoys </li>								<li>dimension:long21cm injectable  12cm </li>								<li>power :2 AAA battery </li>								<li>frequence:3 vibrator model strong and frequence </li>								<li>feature :  automatic transmission speed frequence </li>								<li>warranty :one year </li>							</ul>"
VM114,"<ul class=""property"">								<li>material:PC-ABS rubber </li>								<li>suitable for :female </li>								<li>brand:amiga toys</li>								<li>dimension:long20cm main parts injectable Parts 9cm diameter 3.7cm </li>								<li>power :charger </li>								<li>frequence:8 speed vibratormodel</li>								<li>feature :double vibrator  </li>								<li>warranty:1 year </li>								<li>waterproof:waterproof</li>        							</ul>"
VM115,"<ul class=""property"">								<li>material:medical silica </li>								<li>suitable for :female </li>								<li>brand:amiga toys</li>								<li>dimension:long 16.5cm injectable Parts length:5cm head diameter 4cm </li>								<li>power :direct charger </li>								<li>frequence:5 frequence vibrator</li>								<li>feature :no noise design</li>							</ul>"
VM116,"<ul class=""property"">								<li>material:ABS rubber </li>								<li>suitable for :female </li>								<li>brand:amiga toys</li>								<li>dimension:long22cm injectable Parts length 10cm head diameter 3.6cm </li>								<li>power :direct charger </li>								<li>frequence:5frequence</li>        								<li>warranty :1 year </li>								<li>weight:208 g</li>								<li>waterproof:yes</li>							</ul>"
VM117,"<ul class=""property"">								<li>catalogue:vibrator</li>								<li>material:ABS rubber </li>								<li>suitable for :female </li>								<li>brand:amiga toys</li>								<li>dimension:long22cm injectable Parts length 10cm head diameter 3.6cm </li>								<li>power :direct charger </li>								<li>frequence:5frequence vibrator</li>								<li>waterproof:yes</li>							</ul>"
VM118,"<ul class=""property"">								<li>material:soft rubber </li>								<li>suitable for :female </li>								<li>dimension:20.8x3.2cm </li>								<li>power :4AAA battery </li>								<li>frequence:12 frequence</li>								<li>waterproof:yes </li>								<li>including: 2pieces ssage head </li>							</ul>"
VM119,"<ul class=""property"">								<li>catalogue:vibrator</li>								<li>material:PC-ABS rubber </li>								<li>suitable for :female </li>								<li>brand:amiga toys</li>								<li>dimension:long20cm main parts injectable Parts 9cm diameter 3.7cm </li>								<li>power :charger </li>								<li>warranty:1 year </li>								<li>waterproof:waterproof</li>        							</ul>"
VM120,"<ul class=""property"">								<li>material:ABS rubber </li>								<li>suitable for :female </li>								<li>brand:amiga toys</li>								<li>dimension:long22cm injectable Parts length:10cm headd iameter 3.6cm </li>								<li>power :direct charger </li>								<li>frequence:5frequence vibrator</li>								<li>waterproof:yes</li>							</ul>"
VM121,"<ul class=""property"">								<li>catalogue:vibrator</li>								<li>material:ABS plastic</li>								<li>suitable for :female </li>								<li>brand:Oh Mi Bod</li>								<li>dimension:length 6mm diameter26mm </li>								<li>power :2 AAA battery </li>							</ul>"
VM122,"<ul class=""property"">								<li>catalogue:vibrator</li>								<li>material:PC-ABS material:safe silica </li>								<li>suitable for :female </li>								<li>brand:amiga toys</li>								<li>dimension:220 x 60 x 44mm </li>								<li>power :inside charger battery charger </li>								<li>frequence:6frequence</li>        								<li>feature :platiunm fasion and super powerful vibrator </li>								<li>warranty :1 year </li>								<li>weight:164.5g</li>								<li>waterproof:yes</li>							</ul>"
VM123,"<ul class=""property"">								<li>catalogue:vibrator</li>								<li>material:medical silica </li>								<li>suitable for :male and female </li>								<li>brand:amiga toys</li>								<li>dimension:long17.cm njectable Partslength:cm eaddiameter3cm </li>								<li>power :charger </li>								<li>frequence:5vibratormodel</li>								<li>warranty:1 year </li>								<li>waterproof:waterproof</li>        							</ul>"
VM124,"<ul class=""property"">								<li>material:ABS rubber </li>								<li>suitable for :female </li>								<li>brand:amiga toys</li>								<li>dimension:long22cm njectable Partslength:cm eaddiameter3.6cm </li>								<li>power :direct charger </li>                                        								<li>frequence:5frequence</li>        								<li>warranty :1 year </li>								<li>weight:208 g</li>								<li>waterproof:yes</li>							</ul>"
VM125,"<ul class=""property"">								<li>catalogue:vibrator</li>								<li>material:Realskin</li>								<li>suitable for :adult female</li>								<li>brand:amiga toy</li>								<li>dimension:injectable about 17.0cm max diameter about 35mm </li>								<li>power :3AAA battery </li>								<li>frequence:5frequence:equemce </li>								<li>feature :all 3Dsimulation dick </li>        								<li>weight:net weight:?343g</li>								<li>waterproof:waterproof:ontrol besides)</li>							</ul>"
VM126,"<ul class=""property"">								<li>material:medical silica </li>								<li>suitable for :female </li>								<li>brand:amiga toys</li>								<li>dimension:long16.5cm njectable Partslength:5cm eaddiameter4cm </li>								<li>power :direct charger </li>								<li>frequence:5 frequence vibrator</li>								<li>feature :no noise design</li>							</ul>"
VM127,"<ul class=""property"">								<li>material:PC-ABSmaterial:afe silica </li>								<li>suitable for :female </li>								<li>brand:amiga toys</li>								<li>dimension:220 x 60 x 44mm </li>								<li>power :inside charger ttery  charger </li>								<li>frequence:6frequence</li>        								<li>feature :platiunm  fashion and powerful vibrator </li>								<li>warranty :1 year </li>								<li>weight:164.5g</li>								<li>waterproof:yes</li>							</ul>"
VM128,"<ul class=""property"">								<li>catalogue:vibrator</li>								<li>material:medical silica </li>								<li>suitable for :male and female </li>								<li>brand:amiga toys</li>								<li>dimension:long17.cm njectable Partslength:cm eaddiameter3cm </li>								<li>power :charger </li>								<li>frequence:5vibratormodel</li>								<li>warranty:1 year </li>								<li>waterproof:waterproof</li>        							</ul>"
VM129,"<ul class=""property"">								<li>catalogue:vibrator</li>								<li>material:medical silica </li>								<li>suitable for :female </li>								<li>brand:amiga toys</li>								<li>dimension:long16.5cm njectable Partslength:5cm eaddiameter4cm </li>								<li>power :charger </li>								<li>frequence:5vibratormodel</li>								<li>warranty:1 year </li>								<li>waterproof:waterproof</li>        							</ul>"
VM130,"						<ul class=""property"">								<li>catalogue:vibrator</li>								<li>material:100%medical silica </li>								<li>suitable for :female ??lover,lesbian</li>								<li>dimension:diameter3cm length:3.5cm </li>                                        								<li>power :charger </li>                                        								<li>frequence:5 frequence  5 speed</li>								<li>feature :100%waterproof</li>        								<li>warranty ??one year </li>							</ul>"
VM131,"<ul class=""property"">								<li>catalogue:vibrator</li>								<li>material:PC-ABS material:afe silica </li>								<li>suitable for :female </li>								<li>brand:amiga toys</li>								<li>dimension:220 x 60 x 44mm </li>								<li>power :inside charger ttery charger </li>								<li>frequence:6frequence</li>        								<li>feature :platiunm fasion and powerful vibrator</li>								<li>warranty :1 year </li>								<li>weight:164.5g</li>								<li>waterproof:yes</li>							</ul>"
VM132,"<ul class=""property"">								<li>material:ABS rubber </li>								<li>suitable for :female </li>								<li>brand:amiga toys</li>								<li>dimension:long22cm njectable Partslength:cm eaddiameter3.6cm </li>								<li>power :direct charger </li>								<li>frequence:5 frequence vibrator</li>								<li>waterproof:yes</li>							</ul>"
VM133,"<ul class=""property"">								<li>material:medical silica </li>								<li>suitable for :male and female </li>								<li>brand:amiga toys</li>								<li>dimension:long17.cm njectable Partslength:cm eaddiameter3cm </li>								<li>power :charger </li>								<li>frequence:5vibratormodel</li>								<li>warranty:1 year </li>								<li>waterproof:waterproof</li>        							</ul>"
VM134,"<!--promotional-->							<div id=""rec_sliders"" style=""margin-top:5px;"">	<ul>				<li style=""display:block;"" class=""picdis"" >					<a href=""http://www.aizhigu.com.cn/zhuanti/2013ertongjie.html"" target=""_blank"">			<img src=""http://img.360chengren.com/images/group/310/310_3842_1369388926.jpg"" alt="""" />			</a>				</li>			</ul>"
VM135,"<ul class=""property"">								<li>material:100%medicalpure silica </li>								<li>suitable for :adult female</li>								<li>brand: amiga toys</li>								<li>dimension:long17.cm ffectlength:2cm eaddiameter3.8cm </li>								<li>power :2 AA battery i>								<li>frequence:8frequence </li>							</ul>"
VM136,"<ul class=""property"">								<li>material:medical silica </li>								<li>suitable for :adult female</li>								<li>brand:amigatoys </li>								<li>dimension:length:.5cm and shank length:m eaddiameter3cm </li>								<li>power :4AA battery i>								<li>frequence:7 frequence 6speed </li>							</ul>"
VM137,"<ul class=""property"">								<li>catalogue:vibrator</li>								<li>material:PC-ABS rubber </li>								<li>suitable for :female </li>								<li>brand:amiga toys</li>								<li>dimension:long20cm main parts injectable Parts 9cm diameter3.7cm </li>								<li>power :charger </li>								<li>warranty:1 year </li>								<li>waterproof:waterproof</li>        							</ul>"
VM138,"<ul class=""property"">								<li>catalogue:vibrator</li>								<li>material:silicon material</li>        								<li>suitable for :female </li>								<li>dimension:240mm*8mm </li>								<li>power :220V direct charger </li>								<li>frequence:35 frequence model</li>								<li>weight:235g</li>								<li>waterproof:waterproof</li>        								<li>including:massage virbrator *1pieces harger   illustrartion </li>							</ul>"
VM139,"<ul class=""property"">								<li>catalogue:vibrator</li>								<li>material:pure silica </li>								<li>suitable for :adult female</li>								<li>brand: amiga toys</li>								<li>dimension:long232mm injectable 110mm head diameter35mm </li>								<li>power :3AA battery i>								<li>frequence:10 frequence </li>								<li>feature :G SPOT</li>								<li>warranty 90 DAYS </li>								<li>waterproof:waterproof</li>        							</ul>"
VM140,"<ul class=""property"">								<li>catalogue:vibrator</li>								<li>material:pure silica </li>								<li>suitable for :adult female</li>								<li>brand: amiga toys</li>								<li>dimension:long 235mm injectable 122mm head diameter 31mm </li>								<li>power :3AA battery</li>								<li>frequence:7frequence </li>								<li>feature :2 direction motor</li>								<li>warranty 90 days </li>								<li>waterproof:waterproof</li>        							</ul>"
VM141,"<ul class=""property"">								<li>catalogue:vibrator</li>								<li>material:super silicon material</li>        								<li>suitable for :female </li>								<li>dimension:240mm*8mm </li>								<li>power :220V direct charger </li>								<li>frequence:35 frequence model</li>								<li>weight:235g</li>								<li>waterproof: waterproof</li>        								<li>including:massage virbrator *1pieces harger pieces llustrartion  </li>							</ul>"
VM142,"<ul class=""property"">								<li>catalogue:vibrator</li>								<li>material:safe silica </li>								<li>suitable for :adult female</li>								<li>dimension:length:.3cm njectable 13.5cm njectable max diameter 3.7cm </li>								<li>power :LIbattery </li>								<li>waterproof:100%waterproof</li>        							</ul>"
VM143,"<ul class=""property"">								<li>catalogue:vibrator</li>								<li>material:safe silica </li>								<li>suitable for :adult female</li>								<li>dimension:length:cm ax diameter 4.3cm </li>								<li>power :LIbattery </li>								<li>frequence:automatic transmission speed</li>								<li>waterproof:100%waterproof</li>        							</ul>"
VM144,"<ul class=""property"">								<li>catalogue:vibrator</li>								<li>material:safe silica </li>								<li>suitable for :adult female</li>								<li>dimension:21.3 4.5??2.5cm </li>                                        								<li>power : charger battery </li>								<li>frequence:one model/automatic transmission speed</li>								<li>waterproof:100%waterproof</li>        							</ul>"
VM145,"<ul class=""property"">								<li>catalogue:vibrator</li>								<li>material:safe silica </li>								<li>suitable for :adult female</li>								<li>dimension:21.3X4.5cm </li>								<li>power :LIbattery </li>								<li>frequence:automatic transmission speed</li>								<li>waterproof:100%waterproof</li>        							</ul>"
VM146,"<ul class=""property"">								<li>catalogue:wearable  </li>								<li>dimension:dimension:cm 8cm </li>								<li>frequence:90times/minut eand 190times/minutefrequence</li>        								<li>including:3?simulation virbrator </li>							</ul>"
VM147,"<ul class=""property"">								<li>catalogue:vibrator</li>								<li>material:silica </li>								<li>brand:amiga toy</li>                                        								<li>dimension:92*34*28mm </li>								<li>power :1AA battery i>								<li>warranty:1 year </li>								<li>waterproof:waterproof</li>        							</ul>"
VM148,"						<ul class=""property"">								<li>catalogue:vibrator</li>								<li>material:silica </li>								<li>suitable for :lover ,couple</li>								<li>brand:amiga toy</li>                                        								<li>dimension:80*42*28mm </li>								<li>power :1AA battery i>								<li>frequence:automatic transmission??speed</li>								<li>warranty:1 year </li>								<li>waterproof:100%waterproof</li>        							</ul>"
VM149,"<ul class=""property"">								<li>material:100 ?? platinum and silicon </li>        								<li>suitable for :single female/lesbian.</li>								<li>dimension:diameter3.5cm otal length:6cm </li>                                        								<li>power :2AAbattery i>								<li>frequence:7vibratormodel </li>								<li>waterproof:100%waterproof</li>        							</ul>"
VM150,"<ul class=""property"">								<li>material:100%medical  silica ??silicon :/PC-ABS</li>								<li>suitable for :female masturbation </li>								<li>brand: amiga toys</li>								<li>dimension:total length:225mm ax diameter ??35mm </li>								<li>power :3AA battery i>								<li>frequence:2 motors 10frequence</li>        								<li>waterproof:complete waterproof</li>        							</ul>"
VM151,"<ul class=""property"">								<li>catalogue:wearable </li>								<li>material:medical soft silica </li>								<li>suitable for :adult female</li>								<li>dimension:button?? length:cm weidth16cm big size dicklong about 19cm iameter4.5cm ?small sizedicklongabout 14cm iameter3.5cm </li>								<li>frequence:90 and 190times/minute</li>								<li>including: ??simulationdick :adapter</li>							</ul>"
VM152,"<ul class=""property"">								<li>material:medicalheightmoleculesilica </li>								<li>suitable for :adult female</li>								<li>brand: amiga toys</li>								<li>dimension:effectlength:2cm diameter3.5cm </li>								<li>frequence:30frequence </li>								<li>waterproof:all waterproof</li>        							</ul>"
VM153,"<ul class=""property"">								<li>brand:amiga toys</li>								<li>feature :body sense vibrator</li>								<li>warranty :one year </li>								<li>waterproof:complete waterproof</li>        								<li>including:remote +vibrator  Spot </li>							</ul>"
VM154,"<ul class=""property"">								<li>material:safe silica material</li>        								<li>suitable for :for both man and woman </li>								<li>brand:amiga toys</li>								<li>warranty :one year </li>								<li>waterproof:complete waterproof</li>        								<li>including:remote +vibrator  spot </li>							</ul>"
VM155,"						<ul class=""property"">								<li>catalogue:wearable </li>								<li>material:high simulation dick :complete simulation ,adpot import medical soft silica made </li>								<li>suitable for :adult female</li>								<li>dimension:long17cm diameter3.6cm </li>								<li>power :voltage110V~240V50/60HZ</li>								<li>frequence:7 frequence</li>        								<li>including:remote,one piece simulation dick,adapter  </li>							</ul>"
VM156,"<ul class=""property"">								<li>suitable for :adult female</li>								<li>brand:amigatoys </li>								<li>dimension:long 18.5cm max diameter 3cm </li>								<li>power :2 AA battery i>								<li>frequence:8frequence </li>								<li>waterproof:waterproof</li>        							</ul>"
VM157,"<ul class=""property"">								<li>material:100% medical silica </li>								<li>suitable for :adult female </li>								<li>brand: amiga toys</li>								<li>dimension:long 17.cm effect length:2cm head diameter 3.8cm </li>								<li>power :2 AA battery </li><li>frequence:8 frequence </li>								<li>feature :mutli ripple </li>							</ul>"
VM158,"<ul class=""property"">								<li>material:100%silica </li>								<li>suitable for :female </li>								<li>brand:amigatoys </li>								<li>dimension:long22cm max diameter 3.8cm outside vibrator weidth 5cm </li>								<li>power :magnetic charger  </li>        								<li>feature :one button bring you to high </li>								<li>weight:0.519kg</li>								<li>waterproof:yes</li>								<li>including:vibrator magnetic charger   1 pieces l illustrartion</li>                                        							</ul>"
VM159,"<ul class=""property"">								<li>catalogue:vibrator</li>								<li>material:medical silica </li>								<li>suitable for :female </li>								<li>brand:amiga toys</li>								<li>dimension:long20cm injectable parts length:5cm head weidth 3.3cm </li> 								<li>power :direct charger </li><li>frequence:6frequence vibrator</li>								<li>feature :no noise design</li>								<li>warranty :one year warranty </li>								<li>waterproof:waterproof</li>        							</ul>"
VM160,"<ul class=""property"">								<li>catalogue:wearable  </li>								<li>material:import medical soft silica </li>								<li>suitable for :adult female </li>								<li>dimension:main parts height 20cm weidth 21cm </li>								<li>feature :8 speed ejaculation</li>								<li>including:vibrator imulation dick+power :adopter  +remote +injection </li>							</ul>"
VM161,"<ul class=""property"">								<li>catalogue:vibrator</li>								<li>material:medical high molecule material</li>        								<li>suitable for :female </li>								<li>brand:amiga toys</li>								<li>dimension:length:.5cM max diameter 4cm </li>								<li>power :2 AAA 7size battery </li>							</ul>"
VM162,"<ul class=""property"">								<li>material:100 platinum and silicon </li>        								<li>suitable for :single female /lesbian </li>								<li>dimension:diameter3.5cm total length:6cm </li>								<li>power :2AAbattery</li>								<li>frequence:7 vibrator model </li>								<li>waterproof:100%waterproof</li>        							</ul>"
VM163,"<ul class=""property"">								<li>material:soft rubber </li>								<li>suitable for :female </li>								<li>brand:amiga toys</li>								<li>dimension:long18cm  diameter 2.5cm max diameter 4cm </li><li>power :2 AA battery </li>							</ul>"
MS001,"<ul class=""property"">								<li>catalogue:male Masturbators</li>								<li>material:SRFS </li>								<li>apply for:male</li>								<li>dimension:long143mm high60mm wide80mm </li> 								<li>weight:gross weight:7g</li>								<li>waterproof:waterproof</li>        															</ul>"
MS002,"<ul class=""property"">								<li>material:TPR Soft silicon</li>								<li>apply for:male</li>								<li>dimension:long16cm diameter 9.4cm </li>								<li>weight:total weight:0.75 kg sex toy 0.61kg</li>														</ul>"
MS003,"<ul class=""property"">								<li>material:Loveskin</li>								<li>brand:american UltraZone</li>								<li>dimension:long 19cm dia 10cm</li><li>power :3AAA recharge for heating </li>								<li>frequence:6 speed </li>								<li>feature :super  big heatablle  sex toy </li>								<li>weight:6 Kilo</li>								<li>waterproof:waterproof</li>        							</ul>"
MS004,"<ul class=""property"">								<li>catalogue:male Masturbators</li>								<li>material:TPR Soft silicon</li>								<li>apply for:male</li>																<li>dimension:long 30cm wide 35cm thickness 15cm </li> <li>power :2 AA </li>								<li>weight:2700g</li>							</ul>"
MS005,"						<ul class=""property"">								<li>material:loveSkin</li>								<li>apply for:male</li>								<li>brand:AVstar</li>								<li>dimension:205mm 15mm </li>								<li>power : one  AAA ower </li><li>frequence:9 frequence</li><li>feature :heatable /double 3D tunnel /noise free </li>								<li>weight:gross weight:10g,new weight:66g</li>								<li>waterproof:yes</li>								</ul>"
MS006,"<ul>				<li style=""display:block;"" class=""picdis"" >					<a href=""http://www.aizhigu.com.cn/zhuanti/2013jianianhua.html"" target=""_blank"">			<img src=""http://img.360chengren.com/images/group/310/310_4284_1372411999.jpg"" alt="""" />			</a>				</li>			</ul>"
MS007,"<ul class=""property"">								<li>catalogue:male Masturbators</li>								<li>material:TPR Soft silicon</li>								<li>apply for:male</li>								 								<li>dimension:long12mm dia 5.5mm </li> <li>feature :new technolgoy real pussy</li>							</ul>"
MS008,"<ul class=""property"">								<li>material:TPR Soft silicon</li>								<li>apply for:male</li>																<li>dimension:long17. dia 7.5cm </li>																						<li>waterproof:yes </li>							</ul>"
MS009,"<ul class=""property"">								<li>material:TPR Soft silicon</li>								<li>apply for:male</li>																<li>dimension:long12mm high6.5mm wide5mm</li></ul>"
MS010,"<ul class=""property"">								<li>catalogue:male Masturbators</li>								<li>material:high level PVC</li>								<li>apply for:male</li>								<li>brand:brand:</li>                                        								<li>dimension:dimension:25*165*100mm </li>								<li>power :4 AAA </li><li>weight:0.6kg</li>							</ul>"
MS011,"<ul class=""property"">								<li>material:TPR silicon </li><li>apply for:male</li>																<li>dimension:long 13cm  high 6.5cm </li>								</ul>"
MS012,"<ul class=""property"">								<li>material:love skin</li>								<li>apply for:male</li>								<li>brand:japan dokidoki</li>								<li>dimension:13.5*8*6cm </li>													<li>waterproof:yes </li>							</ul>"
MS014,"<ul class=""property"">								<li>catalogue:male Masturbators</li>								<li>material:soft silicon </li>        								<li>apply for:male</li>							</ul>"
MS015,"<ul class=""property"">								<li>catalogue:male Masturbators</li>								<li>material:high medical PVC</li>								<li>apply for:male</li>																<li>dimension:length 18cm</li>							</ul>"
MS016,"<ul class=""property"">								<li>catalogue:male Masturbators</li>								<li>material:high level PVC Soft silicon </li> 								<li>apply for:male</li>															<li>dimension:20*19*9cm </li></ul>"
MS017,"<ul class=""property"">								<li>material:TPR Soft silicon</li>								<li>apply for:male</li>																<li>dimension:length:3cm max dia 6cm</li>															</ul>"
MS018,"<ul class=""property"">								<li>catalogue:male Masturbators</li>								<li>material:silicon</li>								<li>apply for:male</li>																<li>dimension:package 18.5cm *3.5cm*10cm </li>							</ul>"
MS019,"<ul class=""property"">								<li>catalogue:male Masturbators</li>								<li>material:medical silicon </li>								<li>apply for:male</li>								>								<li>dimension:length 260mm wide180mm high17cm</li>								<li>power :4 AA power </li>        								<li>feature :with real girl sound </li>								<li>weight:5 Kilo</li>							</ul>"
MS020,"<ul class=""property"">								<li>catalogue:sex doll</li>								<li>material:silicon </li>								<li>apply for:male</li>																<li>feature :real sex girl siza </li>								</ul>"
MS021,"<ul class=""property"">								<li>material:love skin </li>								<li>apply for:male</li>								<li>brand:japan dokidoki</li>								<li>dimension:13x4.5x4cm </li>								<li>weight:132g</li>								<li>waterproof:yes</li>							</ul>"
MS022,"<ul class=""property"">								<li>catalogue:male Masturbators</li>								<li>material:silicon</li>								<li>apply for:male</li>								 								<li>dimension:5.5*15*10 cm </li><li>power : AA power </li></ul>"
MS023,"<ul class=""property"">								<li>material:love skin</li>								<li>apply for:male</li>								<li>brand:apan dokidoki</li>								<li>dimension:4*4*4.5cm </li>																<li>weight:90g</li>								<li>waterproof:yes </li>							</ul>"
MS024,"<ul class=""property"">								<li>catalogue:male Masturbators</li>								<li>apply for:male</li>								<li>brand:TOO</li>								<li>dimension:long13.2cm wide6.2cm high7.2cm </li><li>weight:100g</li>								<li>waterproof:aterproof</li>							</ul>"
MS025,"<ul class=""property"">								<li>catalogue:male Masturbators</li>								<li>apply for:male</li>								<li>brand:TOO</li>																<li>waterproof:aterproof</li>							</ul>"
MS026,"<ul class=""property"">								<li>catalogue:ale Masturbators</li>								<li>material: love skin</li>								<li>apply for:male</li>								<li>dimension:jump egg long 5.5cm </li> 								<li>power:220vpower </li>								<li>frequence: frequence</li><li>feature:soft and wet like real pussy </li>								<li>weight:900g</li>															</ul>"
SD001,"Real 3D Formed Face Inflatable Sex Dolls. Lifelike Hair. Realistic Eye. Movable Arms. Molded Voluptuous Breasts with Firm Nipples. Soft Smooth Anus Made of Fanta-Flesh. Painted Fingernails. Painted Toenails. Removable dual-purpose Vagina for use alone or with a  doll</br>
Includes a Love Vibrator for powerful, multi-speed stimulation</br>
All matieral 100% phthalate free</br>"
SD002,"Feature: Special Recommendation real feeling!!
Thickness ??0.6 mm soft skin thickness, very soft and smooth, just like real human flesh
Waterproof ?? YES
Antifouling ?? nothing can stick doll body, easy to clean
Durable ?? you can use over and over again for a long time, not easy to be damaged
Lifelike ?? strictly in accordance with the correct scale molded into
Flexible ?? interface has a wide range of activities in the region
Security ?C on the human body is absolutely safe, non-toxic, no peculiar smell
--Standard package with
--Material Overview
Vagina and anus, feel good, true to her skin, you can put on a different clothes, she is your most loyal privacy lovers.
--Property
--height of about 160cm, measurements: 88cm 61cm 89cm;
--300 pound force;
--quite large soft breasts;
--vagina and anus, can anal sex;
--real love ""make a sexy sound"";"
SD003,"1. Height of 165cm, measurements: 91cm 41cm 88cm
2. Skin thickness: 6mm, the thickness of silicone soft skin, very soft and smooth, like real flesh
3. 300 pound force/150kgs
4. Soft silicone gel genital and nipple
5. Quite large soft breasts
6. Vagina and anus, can anal sex
7. Silica gel genital split design can be used independently as a masturbation cup
8. Real love ""make a sexy sound"" by adjusting love sounder automatically
9. Multi-speed adjustable Love vibrator
10. Silicone material mimicking vaginal temperature of 37.5 degrees design
11. Pollution: Nothing can stick to doll body, easy to clean
12. Durable: the repeated use of long periods of time, not damaged
13. Lifelike: in strict accordance with the correct proportion of mold from a real person
14. Flexibility: the interface has a wide range of activities at the regional
15. Security: Advanced non-toxic silicone material, the body is absolutely safe, non-toxic, no odor
16. Convenience: general secondary bag or travel case can hold, you can enjoy anytime, anywhere."
SD004,"The real 3 d form the inflatable doll face. Lifelike hair. Real eyes. Mobile weapons. Shaping sexy breast nipple with the company. The anal fanta meat soft and smooth. Portable dual-purpose vaginal use alone or with a doll
Including a vibrator for strong love, multi-speed stimulation
All the matieral 100% phthalate free"
SD005,"1. Height of 165cm, measurements: 91cm 41cm 88cm;
2. Skin thickness: 8mm
3. 300 pound force, 150kgs;
4. Soft silicone gel genital and nipple;
5. Quite large soft breasts;
6. Vagina and anus, can anal sex;
7. Silica gel genital split design can be used independently as a masturbation cup.
8. Real love ""make a sexy sound"" by adjusting via sounder
9. Multi-speed adjustable Love egg
10. Silicone material mimicking vaginal temperature of 37.5 degrees design"
SD006,"latest technology by Japanese blow-ups, completely simulation real structure, beautiful appearance and attractive. Curve The latest polymer material selects the skin, soft handfeel silicone skin surface smooth, bright. By the plant hair relations with integrated design, vaginal reverse mould structure, the very real crunch, realistic strong. In addition, product and vibration, heating, intelligence pronunciation etc, make you enjoy the process of using the true feeling."
SD007,"Real 3D Formed Face Inflatable Sex Dolls. Lifelike Hair. Realistic Eye. Movable Arms. Molded Voluptuous Breasts with Firm Nipples. Soft Smooth Anus Made of Fanta-Flesh. Painted Fingernails. Painted Toenails. Removable dual-purpose Vagina for use alone or with a  doll
Includes a Love Vibrator for powerful, multi-speed stimulation
All matieral 100% phthalate free"
SD008,"This product is imported medical grade soft silicone and non-toxic PVC by senior medical soft material is refined, smooth feel comfortable; inflatable use; This product is semi-solid baby (head,chest, hand, feet, and vagina&anus are forming two-hole structure, without inflation) eliminates the pay for physical Doll expensive and difficult to inadequate storage, while a certain extent, you feel the happiness as have a entity doll."
SD010,"Voluptuous breasts with firm nipples and lifelike cock made of Fanta-Flesh (similar to famous CyberSkin material) molded directly from Isabella.
Realistically sculpted 3D face. Flowing, lifelike hair. Realistic eyelashes and full make-up.
Movable arms with painted fingernails."
SD011,"Full size love doll has voluptuous breasts, embracing arms, and a tempting tight love passage.
Sensually sculpted ultra realistic love tunnel is soft and stretchy like the real thing.
Gorgeous anime love doll is ready to fulfill all your desires.
Perfect for penetrating in any position you put her in."
SD033,"free delivery,3D SEX Function, Simulation Voice Inflatable Sex dolls For Males Realistic Face Silicone Semi-solid Type

 

Three SEX Functon are Vaginal, Rectal,Dental(free offer)

Simulation Voice Support

1. 5 dynasties with crotch hair one-piece and three decades of dolls have fingers toes and fingers toes can bifurcate, nails and grain very obvious! Or together with your fingers phase button!

2. Arm can rotate 360 levels!

3. Japan face, hands and ft is entity, silica gel man-made materials soft fundamental to our skin!

4. Black lengthy locks are laser connecting real human hair! Not really a hairpiece! More isn't set!

5. Joint running in lines are not apparent

The only real gift a probably the most complete 45 heavy luxurious gift (including senior under garments a)! Headoffice strength!

Effect Pictures, Buyer can request the rea picture before Delivery, thanks!"
SD035,"Realistic inflatable LOVE DOLLS with two holes-Silicon pussy/vaginal&anus,Multi-speed vibrator included
1.Fixed the vagina and the anus
2.100% real scene shooting
3.Certificate:CE,FCC,ROSH
4.3d solid head, hands and feet
5.In 2013, the latest product
6.Support, vaginal sex, anal sex"
SD90,"1. Height of 158cm, measurements: 91cm 41cm 88cm;
2. Skin thickness: 10mm
3. 300 pound force/150kgs;
4. Soft silicone gel genital and nipple;
5. Quite large soft breasts;
6. Vagina and anus, can anal sex;
7. Silica gel genital split design can be used independently as a masturbation cup."
SD91,"Height 160cm, measurements: 86cm 61cm 89cm;
350 Pound   force; quality upgrades, better quality!
Soft silicone and silicone genital papilla;
Very large soft peaks;
Double pussy, vaginal and anal sex can; can be heated!
Silica gel genital split design can be used independently as a masturbation cup for easy cleaning design!"
,"The skin of silicone soft, very soft and smooth, like real flesh
Waterproof: All models are solid, insoluble in water
Pollution: Nothing can stick to doll body, easy to clean
Durable: the repeated use of long periods of time, not damaged
Lifelike: in strict accordance with the correct proportion of mold from a real person
Flexibility: the interface has a wide range of activities at the regional
Security: Advanced non-toxic silicone material, the body is absolutely safe, non-toxic, no odor
Convenience: general secondary bag or travel case can hold, you can enjoy anytime, anywhere."
